Metric,Value
MSE,0.9640335703905263
MAE,0.24929777890305113
R^2,0.9764809161196822
