Metric,R² Score
Training R²,0.9823552370071411
Validation R²,0.9698562622070312
