Metric,R² Score
Training R²,0.9621679186820984
Validation R²,0.9525333046913147
