Metric,R² Score
Training R²,0.9640885591506958
Validation R²,0.9564629197120667
