Metric,R² Score
Training R²,0.9565603137016296
Validation R²,0.9473212361335754
