Metric,R² Score
Training R²,0.9621580243110657
Validation R²,0.9522747993469238
