Metric,R² Score
Training R²,0.9777286648750305
Validation R²,0.9660812020301819
