Feature,SHAP Importance
Rsh_(ohm-cm2),0.3184519890108305
Rs_(ohm-cm2),3.3335251766827603
n_at_1_sun,1.1162316384259914
n_at_ 1/10_suns,0.6066665074285126
Jo2_(A/cm2),0.8332852249630303
