Feature,SHAP Importance
Rsh_(ohm-cm2),0.24318485433164175
Rs_(ohm-cm2),3.4308812644444235
n_at_1_sun,1.0787065014294472
n_at_ 1/10_suns,0.5316191933230603
Jo2_(A/cm2),0.7093679926265876
