Feature,SHAP Importance
Rsh_(ohm-cm2),0.28470647297663115
Rs_(ohm-cm2),3.5960079750741007
n_at_1_sun,0.8001338387751129
n_at_ 1/10_suns,0.5857114511779603
Jo2_(A/cm2),0.7085463146970443
