Feature,SHAP Importance
Rsh_(ohm-cm2),0.12701525493369498
Rs_(ohm-cm2),3.1448920423278364
n_at_1_sun,0.5606609432416404
n_at_ 1/10_suns,0.4804301716417431
Jo2_(A/cm2),0.7736683037137887
