Feature,SHAP Importance
Rsh_(ohm-cm2),0.2524611103317973
Rs_(ohm-cm2),3.312842526325927
n_at_1_sun,1.0119897776388882
n_at_ 1/10_suns,0.7852562933171607
Jo2_(A/cm2),1.0214920322760612
